<Ui xsi:schemaLocation="http://www.blizzard.com/wow/ui/ ..\FrameXML\UI.xsd">

<!--@no-lib-strip@-->
  <Script file="Libs\LibStub\LibStub.lua"/>
  <Include file="Libs\CallbackHandler-1.0\CallbackHandler-1.0.lua"/>   
  <Include file="Libs\AceAddon-3.0\AceAddon-3.0.lua"/>
  <Include file="Libs\AceConsole-3.0\AceConsole-3.0.lua"/>
  <Include file="Libs\AceDB-3.0\AceDB-3.0.lua"/>
  <Include file="Libs\AceDBOptions-3.0\AceDBOptions-3.0.lua"/>  
  <Include file="Libs\LibDataBroker-1.1\LibDataBroker-1.1.lua"/> 
  <Include file="Libs\LibDBIcon-1.0\LibDBIcon-1.0.lua"/>	
<!--@end-no-lib-strip@-->	
	
</Ui>